Project Name,Principal Goal,Description,Supervisor,Difficulty Level,Essential Skills
Machine Learning for Financial Fraud Detection,Develop machine learning algorithms to detect and prevent financial fraud.,This project involves creating predictive models that analyze transaction data to identify patterns indicative of fraudulent activity. The system will enhance the security of financial institutions by reducing the risk of fraud.,Dr. Alan Smith,Hard,"['Machine Learning', 'Data Analysis', 'Python', 'Financial Data']"
Blockchain for Secure Voting Systems,Implement blockchain technology to create a secure and transparent voting system.,"The project focuses on developing a blockchain-based voting platform that ensures voter anonymity, integrity, and transparency, aiming to revolutionize the electoral process.",Dr. Barbara Johnson,Very Hard,"['Blockchain', 'Cryptography', 'Security', 'JavaScript']"
IoT-Enabled Smart Home Systems,Design IoT systems for smart home automation.,"This project aims to develop interconnected devices that automate home functionalities such as lighting, security, and climate control, enhancing convenience and energy efficiency.",Dr. Charles Brown,Hard,"['IoT', 'Embedded Systems', 'Networking', 'Python']"
AI-Powered Chatbots for Customer Service,Develop AI chatbots to improve customer service interactions.,"The project involves creating conversational AI bots that can handle customer inquiries, complaints, and transactions, providing efficient and accurate customer support.",Dr. Diana Davis,Moderate,"['AI', 'Natural Language Processing', 'JavaScript', 'Customer Service']"
Big Data Analytics for Healthcare,Utilize big data analytics to improve healthcare outcomes.,"This project focuses on analyzing large datasets from electronic health records to identify trends, improve patient care, and predict health outcomes.",Dr. Edward Evans,Hard,"['Big Data', 'Data Mining', 'R', 'Healthcare Data']"
Cloud-Based Solutions for Enterprise Resource Planning,Implement cloud computing to enhance ERP systems.,"This project aims to develop scalable and efficient ERP solutions using cloud technologies, facilitating better resource management for businesses.",Dr. Fiona Foster,Hard,"['Cloud Computing', 'ERP Systems', 'Java', 'Business Process Management']"
Cybersecurity Measures for Smart Cities,Develop cybersecurity protocols for smart city infrastructure.,"This project involves creating robust security measures to protect the data and systems within smart cities from cyber threats, ensuring the safety and privacy of citizens.",Dr. George Green,Very Hard,"['Cybersecurity', 'Network Security', 'Ethical Hacking', 'Smart City Technologies']"
Virtual Reality for Education and Training,Design VR applications for immersive educational experiences.,"The project focuses on developing virtual reality environments that enhance learning and training by providing immersive, interactive simulations.",Dr. Helen Harris,Hard,"['Virtual Reality', 'Unity', '3D Modeling', 'Education Technology']"
AI for Predictive Maintenance in Manufacturing,Use AI to predict and prevent equipment failures in manufacturing.,"This project aims to develop AI algorithms that analyze machinery data to predict maintenance needs, reducing downtime and increasing efficiency in manufacturing processes.",Dr. Ian Ivanov,Hard,"['AI', 'Predictive Analytics', 'Python', 'Manufacturing Systems']"
Natural Language Processing for Sentiment Analysis,Develop NLP models to analyze sentiment in text data.,"This project involves creating models that process and interpret text data from social media, reviews, and surveys to determine public sentiment and insights.",Dr. Jennifer Jones,Hard,"['NLP', 'Text Mining', 'Python', 'Sentiment Analysis']"
Blockchain for Supply Chain Transparency,Implement blockchain to enhance transparency in supply chains.,"This project focuses on creating a blockchain-based system that tracks and verifies the origin, movement, and authenticity of goods in a supply chain.",Dr. Karen King,Very Hard,"['Blockchain', 'Supply Chain Management', 'Cryptography', 'JavaScript']"
AI for Personalized Learning Systems,Develop AI-driven personalized learning platforms.,This project aims to create adaptive learning systems that customize educational content based on individual student performance and preferences.,Dr. Liam Lewis,Hard,"['AI', 'Machine Learning', 'Python', 'Education Technology']"
IoT-Based Environmental Monitoring Systems,Design IoT systems for real-time environmental monitoring.,"This project involves developing sensor networks that monitor environmental parameters such as air quality, water quality, and soil conditions, providing valuable data for environmental protection.",Dr. Mary Martin,Hard,"['IoT', 'Environmental Science', 'Sensor Technology', 'Data Analysis']"
AI in Autonomous Vehicles,Develop AI algorithms for autonomous vehicle navigation.,"This project focuses on creating machine learning models that enable autonomous vehicles to perceive their environment, make decisions, and navigate safely.",Dr. Nathaniel Nelson,Very Hard,"['AI', 'Machine Learning', 'Computer Vision', 'Robotics']"
Smart Grid Technology for Energy Management,Implement smart grid solutions to optimize energy distribution.,"This project aims to develop technologies that enhance the efficiency, reliability, and sustainability of energy distribution systems through real-time monitoring and control.",Dr. Olivia Owens,Hard,"['Smart Grid Technology', 'Energy Management', 'IoT', 'Data Analytics']"
AI for Healthcare Diagnostics,Use AI to improve the accuracy of healthcare diagnostics.,This project involves developing machine learning models that analyze medical data to assist healthcare professionals in diagnosing diseases and conditions more accurately and efficiently.,Dr. Peter Parker,Hard,"['AI', 'Machine Learning', 'Medical Data', 'Python']"
Cloud-Based Disaster Recovery Solutions,Design cloud-based systems for disaster recovery and business continuity.,"This project focuses on creating cloud solutions that ensure data and system recovery in the event of disasters, minimizing downtime and data loss for organizations.",Dr. Quinn Quinn,Hard,"['Cloud Computing', 'Disaster Recovery', 'Data Management', 'AWS']"
AI for Financial Market Prediction,Develop AI models to predict financial market trends.,This project aims to create machine learning algorithms that analyze historical and real-time financial data to forecast market movements and inform investment strategies.,Dr. Rachel Roberts,Very Hard,"['AI', 'Machine Learning', 'Financial Analysis', 'Python']"
IoT for Smart Agriculture,Design IoT systems to enhance agricultural productivity.,"This project involves developing IoT solutions that monitor and manage agricultural conditions, such as soil moisture, crop health, and weather, to optimize farming practices and increase yields.",Dr. Samuel Scott,Hard,"['IoT', 'Agriculture Technology', 'Sensor Networks', 'Data Analysis']"
Blockchain for Secure Healthcare Records,Implement blockchain to secure and manage healthcare records.,"This project focuses on creating a blockchain-based system that ensures the privacy, security, and integrity of electronic health records, facilitating secure data sharing among healthcare providers.",Dr. Teresa Thompson,Very Hard,"['Blockchain', 'Healthcare IT', 'Cryptography', 'Data Security']"
Virtual Reality for Collaborative Workspaces,Develop VR environments for virtual collaborative workspaces.,"This project focuses on creating immersive virtual reality spaces where remote teams can collaborate in real-time, enhancing communication and productivity.",Dr. Uma Underwood,Hard,"['Virtual Reality', 'Unity', 'Collaboration Tools', '3D Modeling']"
AI for Natural Disaster Prediction,Use AI to predict and model natural disasters.,"Develop machine learning models to analyze geological and meteorological data to forecast natural disasters such as earthquakes, hurricanes, and floods, providing early warning systems.",Dr. Vincent Vega,Very Hard,"['AI', 'Machine Learning', 'Geospatial Data', 'Python']"
Cybersecurity for IoT Devices,Enhance the security of IoT devices.,This project involves developing security protocols and systems to protect Internet of Things devices from cyber threats and vulnerabilities.,Dr. Wendy Williams,Very Hard,"['Cybersecurity', 'IoT', 'Network Security', 'Ethical Hacking']"
AI for Personalized Medicine,Create AI models for personalized medicine.,"Develop algorithms that analyze genetic, lifestyle, and clinical data to provide personalized medical treatments and recommendations.",Dr. Xavier Xander,Very Hard,"['AI', 'Machine Learning', 'Genomics', 'Healthcare Data']"
Blockchain for Intellectual Property Protection,Implement blockchain to protect intellectual property.,"This project involves developing a blockchain-based system to manage and secure intellectual property rights, ensuring transparent and tamper-proof records.",Dr. Yara Young,Hard,"['Blockchain', 'Intellectual Property Law', 'Cryptography', 'JavaScript']"
AI for Autonomous Drone Navigation,Develop AI for autonomous drone navigation.,"Create algorithms that enable drones to navigate autonomously in various environments, enhancing their capabilities for applications like delivery and surveillance.",Dr. Zachary Zane,Very Hard,"['AI', 'Machine Learning', 'Robotics', 'Drone Technology']"
Virtual Reality for Physical Rehabilitation,Use VR to aid in physical rehabilitation.,"This project involves developing VR applications that guide and monitor patients through physical therapy exercises, enhancing recovery and engagement.",Dr. Alice Anderson,Hard,"['Virtual Reality', 'Unity', 'Physiotherapy', 'Human-Computer Interaction']"
AI-Enhanced E-Learning Platforms,Develop AI-enhanced e-learning platforms.,Create adaptive e-learning systems that use AI to personalize educational content and assessments based on student performance and learning styles.,Dr. Bob Benson,Hard,"['AI', 'Machine Learning', 'Education Technology', 'Python']"
Smart Contracts for Legal Agreements,Implement smart contracts for automating legal agreements.,"Develop a blockchain-based system for creating, managing, and executing smart contracts, reducing the need for intermediaries and increasing transparency.",Dr. Carol Carter,Hard,"['Blockchain', 'Smart Contracts', 'LegalTech', 'Solidity']"
AI for Predictive Policing,Develop AI models for predictive policing.,"This project aims to create algorithms that analyze crime data to predict and prevent future criminal activity, helping law enforcement agencies allocate resources effectively.",Dr. David Daniels,Very Hard,"['AI', 'Machine Learning', 'Crime Data Analysis', 'Python']"
IoT for Smart City Infrastructure,Design IoT solutions for smart city infrastructure.,"Develop interconnected systems for traffic management, waste management, and public safety in smart cities, improving efficiency and quality of life.",Dr. Emma Edwards,Hard,"['IoT', 'Smart City Technologies', 'Sensor Networks', 'Data Analytics']"
AI for Enhanced Cyber Threat Detection,Use AI to improve cyber threat detection.,"Develop machine learning models that detect and respond to cyber threats in real-time, enhancing cybersecurity measures for organizations.",Dr. Frank Foster,Very Hard,"['AI', 'Machine Learning', 'Cybersecurity', 'Python']"
Blockchain for Transparent Charity Donations,Implement blockchain to ensure transparency in charity donations.,"Develop a system that tracks and verifies the flow of charitable donations using blockchain, ensuring donors know how their funds are used.",Dr. Grace Green,Hard,"['Blockchain', 'Cryptography', 'Nonprofit Management', 'JavaScript']"
AI for Optimizing Supply Chain Logistics,Develop AI models to optimize supply chain logistics.,"Create algorithms that analyze and predict supply chain needs, improving efficiency, reducing costs, and minimizing delays in logistics operations.",Dr. Henry Harris,Hard,"['AI', 'Machine Learning', 'Supply Chain Management', 'Python']"
Virtual Reality for Historical Education,Use VR to create immersive historical education experiences.,"Develop VR applications that allow users to explore historical events and locations, enhancing engagement and learning in history education.",Dr. Irene Irwin,Medium,"['Virtual Reality', 'Unity', 'History', 'Education Technology']"
AI for Real-Time Language Translation,Develop AI models for real-time language translation.,"Create algorithms that provide real-time translation of spoken and written language, facilitating communication across different languages.",Dr. Jack Johnson,Hard,"['AI', 'Natural Language Processing', 'Machine Learning', 'Python']"
Blockchain for Transparent Food Supply Chains,Implement blockchain to ensure transparency in food supply chains.,"Develop a system that tracks the origin, processing, and distribution of food products using blockchain, enhancing food safety and consumer trust.",Dr. Karen King,Hard,"['Blockchain', 'Food Safety', 'Supply Chain Management', 'JavaScript']"
AI for Personalized Healthcare Recommendations,Create AI models for personalized healthcare recommendations.,"Develop algorithms that analyze patient data to provide personalized health advice, improving patient outcomes and engagement in healthcare.",Dr. Laura Lewis,Hard,"['AI', 'Machine Learning', 'Healthcare Data', 'Python']"
IoT for Smart Building Management,Design IoT systems for smart building management.,"Develop interconnected systems that manage and automate building functionalities such as lighting, HVAC, and security, enhancing energy efficiency and comfort.",Dr. Michael Miller,Hard,"['IoT', 'Building Management Systems', 'Sensor Networks', 'Data Analytics']"
AI for Automating Legal Document Analysis,Use AI to automate the analysis of legal documents.,"Develop machine learning models that process and analyze legal documents, extracting relevant information and aiding legal professionals in their work.",Dr. Nancy Nelson,Hard,"['AI', 'Machine Learning', 'Natural Language Processing', 'LegalTech']"
Blockchain for Transparent Government Procurement,Implement blockchain to ensure transparency in government procurement.,"Develop a system that tracks and verifies government procurement processes using blockchain, reducing corruption and increasing public trust.",Dr. Olivia Owens,Hard,"['Blockchain', 'Public Administration', 'Cryptography', 'JavaScript']"
AI for Predictive Maintenance in Transportation,Develop AI models for predictive maintenance in transportation.,"Create algorithms that analyze transportation data to predict maintenance needs for vehicles and infrastructure, reducing downtime and increasing safety.",Dr. Peter Parker,Hard,"['AI', 'Machine Learning', 'Predictive Analytics', 'Python']"
Virtual Reality for Museum Exhibits,Use VR to create immersive museum exhibits.,"Develop VR applications that allow users to explore museum exhibits virtually, enhancing accessibility and engagement with cultural heritage.",Dr. Quinn Quinn,Medium,"['Virtual Reality', 'Unity', 'Museum Studies', 'Education Technology']"
AI for Real-Time Traffic Management,Develop AI models for real-time traffic management.,"Create algorithms that analyze traffic data to optimize traffic flow, reduce congestion, and improve urban mobility.",Dr. Rachel Roberts,Hard,"['AI', 'Machine Learning', 'Traffic Engineering', 'Python']"
Blockchain for Secure E-Voting Systems,Implement blockchain to create secure e-voting systems.,"Develop a blockchain-based system that ensures the security, integrity, and transparency of electronic voting, enhancing the electoral process.",Dr. Samuel Scott,Very Hard,"['Blockchain', 'Cryptography', 'Security', 'JavaScript']"
AI for Optimizing Energy Consumption in Smart Homes,Use AI to optimize energy consumption in smart homes.,Develop machine learning models that analyze energy usage data to recommend and automate energy-saving actions in smart homes.,Dr. Teresa Thompson,Hard,"['AI', 'Machine Learning', 'Energy Management', 'Python']"
IoT for Remote Patient Monitoring,Design IoT systems for remote patient monitoring.,"Develop interconnected devices that monitor patient health metrics remotely, providing real-time data to healthcare providers and improving patient outcomes.",Dr. Uma Underwood,Hard,"['IoT', 'Healthcare Technology', 'Sensor Networks', 'Data Analysis']"
AI for Fraud Detection in E-Commerce,Develop AI models for fraud detection in e-commerce.,"Create algorithms that analyze transaction data to detect and prevent fraudulent activities in online retail, enhancing security for consumers and businesses.",Dr. Vincent Vega,Hard,"['AI', 'Machine Learning', 'E-Commerce', 'Python']"
Blockchain for Supply Chain Finance,Implement blockchain for supply chain finance solutions.,"Develop a blockchain-based system that facilitates secure and transparent financial transactions within supply chains, improving liquidity and trust among stakeholders.",Dr. Wendy Williams,Hard,"['Blockchain', 'Supply Chain Finance', 'Cryptography', 'JavaScript']"
AI for Enhancing Customer Experience in Retail,Use AI to enhance customer experience in retail.,"Develop machine learning models that analyze customer data to personalize shopping experiences, recommend products, and optimize inventory management.",Dr. Xavier Xander,Hard,"['AI', 'Machine Learning', 'Retail Analytics', 'Python']"
IoT for Smart Parking Systems,Design IoT systems for smart parking solutions.,"Develop interconnected devices that monitor and manage parking spaces in real-time, reducing traffic congestion and enhancing urban mobility.",Dr. Yara Young,Medium,"['IoT', 'Smart City Technologies', 'Sensor Networks', 'Data Analysis']"
AI for Sentiment Analysis in Social Media,Develop AI models for sentiment analysis in social media.,Create algorithms that analyze social media data to determine public sentiment and provide insights for businesses and policymakers.,Dr. Zachary Zane,Hard,"['AI', 'Machine Learning', 'Natural Language Processing', 'Python']"
Blockchain for Real Estate Transactions,Implement blockchain to streamline real estate transactions.,"Develop a blockchain-based system that ensures the security, transparency, and efficiency of real estate transactions, reducing fraud and costs.",Dr. Alice Anderson,Hard,"['Blockchain', 'Real Estate Technology', 'Cryptography', 'JavaScript']"
AI for Predictive Analytics in Marketing,Use AI for predictive analytics in marketing campaigns.,"Develop machine learning models that analyze customer data to predict behavior and optimize marketing strategies, improving campaign effectiveness.",Dr. Bob Benson,Hard,"['AI', 'Machine Learning', 'Marketing Analytics', 'Python']"
Virtual Reality for Emergency Response Training,Use VR for immersive emergency response training.,"Develop VR applications that simulate emergency scenarios for training first responders, enhancing preparedness and response skills.",Dr. Carol Carter,Medium,"['Virtual Reality', 'Unity', 'Emergency Management', 'Education Technology']"
AI for Real-Time Speech Recognition,Develop AI models for real-time speech recognition.,"Create algorithms that transcribe spoken language into text in real-time, improving accessibility and communication in various applications.",Dr. David Daniels,Hard,"['AI', 'Machine Learning', 'Natural Language Processing', 'Python']"
Blockchain for Transparent Voting in Organizations,Implement blockchain for transparent voting within organizations.,"Develop a blockchain-based system that ensures secure and transparent voting processes in organizations, enhancing governance and trust.",Dr. Emma Edwards,Hard,"['Blockchain', 'Cryptography', 'Security', 'JavaScript']"
AI for Optimizing Transportation Networks,Use AI to optimize transportation networks.,"Develop machine learning models that analyze transportation data to optimize routing, reduce congestion, and improve mobility.",Dr. Frank Foster,Hard,"['AI', 'Machine Learning', 'Transportation Engineering', 'Python']"
IoT for Smart Healthcare Systems,Design IoT systems for smart healthcare solutions.,"Develop interconnected devices that monitor patient health metrics and provide real-time data to healthcare providers, improving patient care and outcomes.",Dr. Grace Green,Hard,"['IoT', 'Healthcare Technology', 'Sensor Networks', 'Data Analysis']"
AI for Fraud Detection in Insurance Claims,Develop AI models for fraud detection in insurance claims.,"Create algorithms that analyze claim data to detect and prevent fraudulent activities, enhancing security for insurance providers.",Dr. Henry Harris,Hard,"['AI', 'Machine Learning', 'Insurance Analytics', 'Python']"
Blockchain for Supply Chain Traceability,Implement blockchain for supply chain traceability.,"Develop a system that uses blockchain to track and verify the origin, movement, and authenticity of products in a supply chain, enhancing transparency and trust.",Dr. Irene Irwin,Hard,"['Blockchain', 'Supply Chain Management', 'Cryptography', 'JavaScript']"
AI for Personalized Travel Recommendations,Use AI to provide personalized travel recommendations.,Develop machine learning models that analyze user preferences and behavior to recommend personalized travel destinations and activities.,Dr. Jack Johnson,Medium,"['AI', 'Machine Learning', 'Travel Analytics', 'Python']"
IoT for Smart Water Management,Design IoT systems for smart water management.,"Develop interconnected devices that monitor and manage water usage and quality in real-time, enhancing water conservation and management.",Dr. Karen King,Hard,"['IoT', 'Water Management', 'Sensor Networks', 'Data Analysis']"
AI for Predictive Analytics in Sports,Use AI for predictive analytics in sports performance.,"Develop machine learning models that analyze athlete data to predict performance and optimize training programs, enhancing athletic outcomes.",Dr. Laura Lewis,Hard,"['AI', 'Machine Learning', 'Sports Analytics', 'Python']"
Blockchain for Transparent Crowdfunding,Implement blockchain for transparent crowdfunding platforms.,"Develop a system that uses blockchain to track and verify crowdfunding transactions, ensuring transparency and trust for backers and project creators.",Dr. Michael Miller,Hard,"['Blockchain', 'Crowdfunding', 'Cryptography', 'JavaScript']"
AI for Real-Time Emotion Recognition,Develop AI models for real-time emotion recognition.,"Create algorithms that analyze facial expressions, voice, and physiological signals to detect and interpret human emotions in real-time.",Dr. Nancy Nelson,Hard,"['AI', 'Machine Learning', 'Computer Vision', 'Python']"
IoT for Smart Agriculture Systems,Design IoT systems for smart agriculture solutions.,"Develop interconnected devices that monitor and manage agricultural conditions such as soil moisture, temperature, and crop health, enhancing farming efficiency and productivity.",Dr. Olivia Owens,Hard,"['IoT', 'Agriculture Technology', 'Sensor Networks', 'Data Analysis']"
AI for Enhancing Online Education,Use AI to enhance online education platforms.,"Develop machine learning models that analyze student data to personalize learning experiences, optimize course content, and improve educational outcomes.",Dr. Peter Parker,Hard,"['AI', 'Machine Learning', 'Education Technology', 'Python']"
Blockchain for Transparent Charity Operations,Implement blockchain for transparent charity operations.,"Develop a system that uses blockchain to track and verify charitable donations and expenditures, enhancing transparency and trust for donors.",Dr. Quinn Quinn,Hard,"['Blockchain', 'Nonprofit Management', 'Cryptography', 'JavaScript']"
AI for Predictive Analytics in Finance,Use AI for predictive analytics in financial markets.,"Develop machine learning models that analyze financial data to predict market trends and optimize investment strategies, improving financial decision-making.",Dr. Rachel Roberts,Hard,"['AI', 'Machine Learning', 'Financial Analytics', 'Python']"
IoT for Smart Grid Management,Design IoT systems for smart grid management.,"Develop interconnected devices that monitor and manage electricity distribution in smart grids, enhancing energy efficiency and reliability.",Dr. Samuel Scott,Hard,"['IoT', 'Energy Management', 'Sensor Networks', 'Data Analysis']"
AI for Real-Time Video Analytics,Develop AI models for real-time video analytics.,"Create algorithms that analyze video data in real-time to detect and interpret events, enhancing security, surveillance, and entertainment applications.",Dr. Teresa Thompson,Hard,"['AI', 'Machine Learning', 'Computer Vision', 'Python']"
Blockchain for Transparent Supply Chain Finance,Implement blockchain for transparent supply chain finance.,"Develop a system that uses blockchain to facilitate secure and transparent financial transactions within supply chains, enhancing liquidity and trust among stakeholders.",Dr. Uma Underwood,Hard,"['Blockchain', 'Supply Chain Finance', 'Cryptography', 'JavaScript']"
AI for Predictive Analytics in Manufacturing,Use AI for predictive analytics in manufacturing processes.,"Develop machine learning models that analyze production data to predict equipment failures, optimize maintenance schedules, and improve manufacturing efficiency.",Dr. Vincent Vega,Hard,"['AI', 'Machine Learning', 'Manufacturing Analytics', 'Python']"
IoT for Smart Transportation Systems,Design IoT systems for smart transportation solutions.,"Develop interconnected devices that monitor and manage transportation networks in real-time, enhancing traffic flow and reducing congestion.",Dr. Wendy Williams,Hard,"['IoT', 'Transportation Engineering', 'Sensor Networks', 'Data Analysis']"
AI for Real-Time Image Recognition,Develop AI models for real-time image recognition.,"Create algorithms that analyze and interpret image data in real-time, enhancing applications in security, healthcare, and retail.",Dr. Xavier Xander,Hard,"['AI', 'Machine Learning', 'Computer Vision', 'Python']"
Blockchain for Transparent Supply Chain Management,Implement blockchain for transparent supply chain management.,"Develop a system that uses blockchain to track and verify the origin, movement, and authenticity of products in a supply chain, enhancing transparency and trust.",Dr. Yara Young,Hard,"['Blockchain', 'Supply Chain Management', 'Cryptography', 'JavaScript']"
AI for Predictive Analytics in Healthcare,Use AI for predictive analytics in healthcare.,"Develop machine learning models that analyze patient data to predict health outcomes and optimize treatment plans, improving patient care and outcomes.",Dr. Zachary Zane,Hard,"['AI', 'Machine Learning', 'Healthcare Data', 'Python']"
IoT for Smart Environmental Monitoring,Design IoT systems for smart environmental monitoring.,"Develop interconnected devices that monitor and manage environmental conditions such as air quality, water quality, and soil health, enhancing environmental conservation efforts.",Dr. Alice Anderson,Hard,"['IoT', 'Environmental Science', 'Sensor Networks', 'Data Analysis']"
AI for Enhancing Customer Service,Use AI to enhance customer service experiences.,Develop machine learning models that analyze customer interactions to provide personalized responses and optimize customer service workflows.,Dr. Bob Benson,Hard,"['AI', 'Machine Learning', 'Customer Service', 'Python']"
Blockchain for Transparent Digital Identity,Implement blockchain for transparent digital identity solutions.,"Develop a system that uses blockchain to create secure and verifiable digital identities, enhancing privacy and security for users.",Dr. Carol Carter,Hard,"['Blockchain', 'Digital Identity', 'Cryptography', 'JavaScript']"
AI for Predictive Analytics in Retail,Use AI for predictive analytics in retail operations.,"Develop machine learning models that analyze sales and customer data to predict demand, optimize inventory, and improve marketing strategies.",Dr. David Daniels,Hard,"['AI', 'Machine Learning', 'Retail Analytics', 'Python']"
IoT for Smart Energy Management,Design IoT systems for smart energy management.,"Develop interconnected devices that monitor and manage energy usage in real-time, enhancing energy efficiency and sustainability.",Dr. Emma Edwards,Hard,"['IoT', 'Energy Management', 'Sensor Networks', 'Data Analysis']"
AI for Real-Time Fraud Detection,Develop AI models for real-time fraud detection.,"Create algorithms that analyze transaction data to detect and prevent fraudulent activities in real-time, enhancing security for businesses and consumers.",Dr. Frank Foster,Hard,"['AI', 'Machine Learning', 'Fraud Detection', 'Python']"
Blockchain for Transparent Supply Chain Audits,Implement blockchain for transparent supply chain audits.,"Develop a system that uses blockchain to track and verify supply chain audits, enhancing transparency and trust for stakeholders.",Dr. Grace Green,Hard,"['Blockchain', 'Supply Chain Management', 'Cryptography', 'JavaScript']"
AI for Predictive Analytics in Logistics,Use AI for predictive analytics in logistics operations.,"Develop machine learning models that analyze logistics data to predict demand, optimize routes, and improve supply chain efficiency.",Dr. Henry Harris,Hard,"['AI', 'Machine Learning', 'Logistics', 'Python']"
IoT for Smart Waste Management,Design IoT systems for smart waste management solutions.,"Develop interconnected devices that monitor and manage waste collection and processing in real-time, enhancing urban sustainability and efficiency.",Dr. Irene Irwin,Hard,"['IoT', 'Waste Management', 'Sensor Networks', 'Data Analysis']"
AI for Real-Time Anomaly Detection,Develop AI models for real-time anomaly detection.,"Create algorithms that analyze data streams to detect and respond to anomalies in real-time, enhancing security and operational efficiency.",Dr. Jack Johnson,Hard,"['AI', 'Machine Learning', 'Anomaly Detection', 'Python']"
Blockchain for Transparent Digital Rights Management,Implement blockchain for transparent digital rights management.,"Develop a system that uses blockchain to track and verify digital rights and content usage, enhancing security and trust for creators and consumers.",Dr. Karen King,Hard,"['Blockchain', 'Digital Rights Management', 'Cryptography', 'JavaScript']"
AI for Real-Time Translation,Develop AI models for real-time language translation.,"Create algorithms that translate spoken and written language in real-time, improving cross-cultural communication and accessibility.",Dr. Laura Lewis,Hard,"['AI', 'Machine Learning', 'Natural Language Processing', 'Python']"
AI for Personalized Health Monitoring,Develop AI models for personalized health monitoring.,"Create algorithms that analyze personal health data to provide tailored health recommendations and alerts, enhancing individual health management.",Dr. Mary Martin,Hard,"['AI', 'Machine Learning', 'Health Informatics', 'Python']"
Blockchain for Secure Voting Systems,Implement blockchain for secure and transparent voting systems.,"Develop a blockchain-based system to ensure the integrity and transparency of electronic voting processes, enhancing trust in electoral outcomes.",Dr. Nathan Nelson,Hard,"['Blockchain', 'Cryptography', 'Cybersecurity', 'JavaScript']"
AI for Automated Legal Document Analysis,Use AI to automate the analysis of legal documents.,"Develop machine learning models that analyze legal documents to extract key information, streamline legal workflows, and enhance decision-making in legal practices.",Dr. Olivia Owens,Hard,"['AI', 'Machine Learning', 'Natural Language Processing', 'Python']"
IoT for Smart Home Automation,Design IoT systems for smart home automation.,"Develop interconnected devices that monitor and manage home environments, enhancing convenience, energy efficiency, and security for homeowners.",Dr. Paul Parker,Hard,"['IoT', 'Home Automation', 'Sensor Networks', 'Data Analysis']"
AI for Predictive Maintenance in Transportation,Use AI for predictive maintenance in transportation systems.,"Develop machine learning models that analyze vehicle data to predict maintenance needs, optimizing maintenance schedules and reducing downtime in transportation networks.",Dr. Quinn Quinn,Hard,"['AI', 'Machine Learning', 'Transportation Engineering', 'Python']"
Blockchain for Secure Digital Contract Management,Implement blockchain for secure digital contract management.,"Develop a system that uses blockchain to create, track, and verify digital contracts, enhancing security and trust in contractual agreements.",Dr. Rachel Roberts,Hard,"['Blockchain', 'Contract Management', 'Cryptography', 'JavaScript']"
AI for Enhanced Cybersecurity Threat Detection,Develop AI models for enhanced cybersecurity threat detection.,"Create algorithms that analyze network traffic and behavior patterns to detect and respond to cybersecurity threats in real-time, improving organizational security.",Dr. Samuel Scott,Hard,"['AI', 'Machine Learning', 'Cybersecurity', 'Python']"
IoT for Smart City Infrastructure Management,Design IoT systems for managing smart city infrastructure.,"Develop interconnected devices that monitor and manage urban infrastructure such as street lighting, traffic signals, and public utilities, enhancing urban living.",Dr. Teresa Thompson,Hard,"['IoT', 'Urban Planning', 'Sensor Networks', 'Data Analysis']"
AI for Real-Time Sports Analytics,Develop AI models for real-time sports analytics.,"Create algorithms that analyze live sports data to provide insights and predictions, enhancing performance analysis and fan engagement.",Dr. Uma Underwood,Hard,"['AI', 'Machine Learning', 'Sports Analytics', 'Python']"
Blockchain for Decentralized Data Storage,Implement blockchain for decentralized data storage solutions.,"Develop a system that uses blockchain to create secure and decentralized data storage networks, enhancing data privacy and security.",Dr. Vincent Vega,Hard,"['Blockchain', 'Data Storage', 'Cryptography', 'JavaScript']"
